v,f(v)
0,indeterminado
100000000000,1.0045135811624889780700355452352650912318428162878E-14
200000000000,4.0152982559356945249982176943871228843931494204379E-14
300000000000,9.0282227588618369935881202784205238537629351623138E-14
400000000000,1.6039159607963206426808498800842627613479596637088E-13
500000000000,2.5043985104733262156495301761140858280200248317182E-13
600000000000,3.6038579334124172272801344437704180394321314009253E-13
700000000000,4.9018826164530792995660344185318953276665984978006E-13
800000000000,6.3980613247771087988465131926308880741090419797611E-13
900000000000,8.0919832019062987663092799917931322087202639364955E-13
1000000000000,9.9832377696997688534342283237161335153302757290334E-13
1100000000000,1.2071414928350939269078236391420713359872842420498E-12
1200000000000,1.4356104956384148745794029444626535537716804010412E-12
1300000000000,1.6836898510650916533869312371318044864650697335925E-12
1400000000000,1.9513386626325848432465533527887520304411491536832E-12
1500000000000,2.2385160716902186868128753788097864818318326529945E-12
1600000000000,2.5451812574187005031838164277279410475238568203453E-12
1700000000000,2.8712934368296045086650818467615341557653948226691E-12
1800000000000,3.2168118647648200458894115462328817508808179970606E-12
1900000000000,3.5816958338959642226750487610631267297418551351164E-12
2000000000000,3.9659046747237589620971603291339361170207969258750E-12
2100000000000,4.3693977555773724653352191001399263891639798676158E-12
2200000000000,4.7921344826137250889486320006843743057316217225966E-12
2300000000000,5.2340742998167596383221631979038443208362265291955E-12
2400000000000,5.6951766889966760791119603469974822763425555662973E-12
2500000000000,6.1754011697891306686122426998828045638323727945622E-12
2600000000000,6.6747072996543995090519525150493848890901012869425E-12
2700000000000,7.1930546738765065249199053648334248994121708154674E-12
2800000000000,7.7304029255623158665062002081416610801596423678664E-12
2900000000000,8.2867117256405887419368661065199999994130887972737E-12
3000000000000,8.8619407828610046800679288318563664147120358122201E-12
3100000000000,9.4560498437931472266942769674546274788192526560157E-12
3200000000000,1.0068998692825454076617893063306075141411816674200E-11
3300000000000,1.0700747152164131644209190593770947504537568385378E-11
3400000000000,1.1351255081832034075184361504286538756213685559204E-11
3500000000000,1.2020482379667506702410791645932191864405423201222E-11
3600000000000,1.2708388981323193948641742005568772764179460286071E-11
3700000000000,1.3414934860264811679170621967769615539301735070461E-11
3800000000000,1.4140080027769884007484296515886935696409935912890E-11
3900000000000,1.4883784532926444557083971916447229844968725962441E-11
4000000000000,1.5646008462631702182731293656817839005127043743401E-11
4100000000000,1.6426711941590671154466365843995361128010088683079E-11
4200000000000,1.7225855132314765807833462545782115342310771553119E-11
4300000000000,1.8043398235120359663839248287975351325161949294581E-11
4400000000000,1.8879301488127309022257356736022491847779215369761E-11
4500000000000,1.9733525167257441031982193110515046568097722111727E-11
4600000000000,2.0606029586233006242223826736620470472924564490781E-11
4700000000000,2.1496775096575095638424824931899925009526983645709E-11
4800000000000,2.2405722087602022166868847818845986818537409695698E-11
4900000000000,2.3332830986427666752039775231916133941364155551187E-11
5000000000000,2.4278062257959788810879071297958914314773940724672E-11
5100000000000,2.5241376404898301268178009127961306400503303191900E-11
5200000000000,2.6222733967733510077430276991329156537244547787697E-11
5300000000000,2.7222095524744318251559367975901311455392268910419E-11
5400000000000,2.8239421691996394408024017092160445908079645269044E-11
5500000000000,2.9274673123340305832893792683324950572449592909875E-11
5600000000000,3.0327810510409616068575772478991325100309712531299E-11
5700000000000,3.1398794582618947029962038303671787391023422700784E-11
5800000000000,3.2487586107162005653856506947987821113309245239858E-11
5900000000000,3.3594145889009575086628377654614128023387574013899E-11
6000000000000,3.4718434770907470415128218688624692109345149912970E-11
6100000000000,3.5860413633374458945991436178110276976078495883601E-11
6200000000000,3.7020043394700145038542567451385000480512962851666E-11
6300000000000,3.8197285010942819496602518087484791777557284997178E-11
6400000000000,3.9392099475927273524589516462826800515752113538648E-11
6500000000000,4.0604447821242577253393191344830932624095764691670E-11
6600000000000,4.1834291116239822841589786679130176558785000041824E-11
6700000000000,4.3081590468029832157655112766987945380157838715761E-11
6800000000000,4.4346307021480829048920394160118457292725851327363E-11
6900000000000,4.5628401959216076203104711437840182640874286252867E-11
7000000000000,4.6927836501611476608346246203104710810654088303382E-11
7100000000000,4.8244571906793139617743025766310617409481591500832E-11
7200000000000,4.9578569470634911624502325705967419573000086793497E-11
7300000000000,5.0929790526755871353886324430410999107653588500598E-11
7400000000000,5.2298196446517789778230013642242903607370027257540E-11
7500000000000,5.3683748639022554661395751854489433467635010805507E-11
7600000000000,5.5086408551109559739117204452336214056672364268856E-11
7700000000000,5.6506137667353058541773742864542282179534928264144E-11
7800000000000,5.7942897510059482866224676832297568089236580024667E-11
7900000000000,5.9396649639264725903420967168555069522973895116509E-11
8000000000000,6.0867355652731390028600311416115407544804508469120E-11
8100000000000,6.2354977185945999260959711066515929876333981942757E-11
8200000000000,6.3859475912116176399787816122808193851901873682075E-11
8300000000000,6.5380813542167784844127500406507941883210757952251E-11
8400000000000,6.6918951824742035103127248751466627644189533592324E-11
8500000000000,6.8473852546192556004328034724426147087311003332531E-11
8600000000000,7.0045477530582430607220434393050904140365507380966E-11
8700000000000,7.1633788639681196829494757556947474952732708517689E-11
8800000000000,7.3238747772961812793494982395439558750540214098338E-11
8900000000000,7.4860316867597586900475252297718405637623506531587E-11
9000000000000,7.6498457898459072640345634356688736880192298098012E-11
9100000000000,7.8153132878110928144681747257830322269005251875939E-11
9200000000000,7.9824303856808740490860741709351906531423359817956E-11
9300000000000,8.1511932922495814765273958770688486157925126022974E-11
9400000000000,8.3215982200799927893654400074054076240613417079414E-11
9500000000000,8.4936413855030047246644918629589056077393985173579E-11
9600000000000,8.6673190086173014028820779290125150018678508711269E-11
9700000000000,8.8426273132890191459467943658437808001875689647595E-11
9800000000000,9.0195625271514077753506104879987720765708491254426E-11
9900000000000,9.1981208816044883911033133009712045597967599676775E-11
10000000000000,9.3782986118147076324055191104774605643134892182926E-11
10100000000000,9.5600919567145884209054345508909484482346218949861E-11
10200000000000,9.7434971590023771874133020590906621319611323527296E-11
10300000000000,9.9285104651416875829562138112931979371997242530340E-11
10400000000000,1.0115128125361140675064723406701985005401917586946E-10
10500000000000,1.0303346393654001630191426086372486083923300982864E-10
10600000000000,1.0493161527777812883170415981931529242845898776646E-10
10700000000000,1.0684569789254023794635262760100369185859570962566E-10
10800000000000,1.0877567443367616797321880028776136392546658703467E-10
10900000000000,1.1072150759166730032191383962170783087262020575545E-10
11000000000000,1.1268316009462276475316762749660655531532503431797E-10
11100000000000,1.1466059470827559556485895639058225868398167787171E-10
11200000000000,1.1665377423597885270482174493499977984008011030586E-10
11300000000000,1.1866266151870170782012690875595721308880269271548E-10
11400000000000,1.2068721943502549525262657676474776745666982545811E-10
11500000000000,1.2272741090113972799063436184489149656335905740568E-10
11600000000000,1.2478319887083807858670237202214347825607861240582E-10
11700000000000,1.2685454633551432505154258334672276149996059437378E-10
11800000000000,1.2894141632415826173422708850061214496772341716037E-10
11900000000000,1.3104377190335157519888858520415266474397115638984E-10
12000000000000,1.3316157617726368510822927547256520315939064678080E-10
12100000000000,1.3529479228764755012423311030201037946281422863568E-10
12200000000000,1.3744338341383543883656303408415341148477472402001E-10
12300000000000,1.3960731277273466572921155859601281850022172696658E-10
12400000000000,1.4178654361882329219605962742649608085712399196536E-10
12500000000000,1.4398103924414579261608531782109486141222552210407E-10
12600000000000,1.4619076297830868549905046779064030221002882002668E-10
12700000000000,1.4841567818847612971257981157800063142458543859000E-10
12800000000000,1.5065574827936548580163365584761868612736297866876E-10
12900000000000,1.5291093669324284241146153189660247281340559992684E-10
13000000000000,1.5518120690991850782521061542275292489377928742354E-10
13100000000000,1.5746652244674246662744901456478604247939493814552E-10
13200000000000,1.5976684685859980150495028869372138765838927695844E-10
13300000000000,1.6208214373790608019617177442290074561638982357765E-10
13400000000000,1.6441237671460270760094546115860265753227382222929E-10
13500000000000,1.6675750945615224306198627587526342052676590368640E-10
13600000000000,1.6911750566753368282990870531073809645517606668892E-10
13700000000000,1.7149232909123770772352870307997546583357353037191E-10
13800000000000,1.7388194350726189599731379894238462059894059119281E-10
13900000000000,1.7628631273310590142793024727179264284353662676466E-10
14000000000000,1.7870540062376659663192192131129810885020665779244E-10
14100000000000,1.8113917107173318162664147869189262975466710184843E-10
14200000000000,1.8358758800698225764664009159714621743954988803811E-10
14300000000000,1.8605061539697286622780775151054334003385204202161E-10
14400000000000,1.8852821724664149357164182333154614722025934333470E-10
14500000000000,1.9102035759839704020210713643580236923920636197795E-10
14600000000000,1.9352700053211575592763646062908469415159885231892E-10
14700000000000,1.9604811016513614012090572254884904836291395101018E-10
14800000000000,1.9858365065225380732910377254736253157188498159822E-10
14900000000000,2.0113358618571631822750191309213968500925713098867E-10
15000000000000,2.0369788099521797592921374688923287062955614813152E-10
15100000000000,2.0627649934789458766412119591937821310113551420648E-10
15200000000000,2.0886940554831819184002778102306920316359992582705E-10
15300000000000,2.1147656393849175049918543522562122544880357204161E-10
15400000000000,2.1409793889784380718342625230484880188645680458614E-10
15500000000000,2.1673349484322311022121564482009352886406709089835E-10
15600000000000,2.1938319622889320145002840259035042419354797639032E-10
15700000000000,2.2204700754652697038753410307982732023495966698899E-10
15800000000000,2.2472489332520117386516322897046955409963393985958E-10
15900000000000,2.2741681813139092113771019502217604433947544904909E-10
16000000000000,2.3012274656896412448271427579236258783253443316532E-10
16100000000000,2.3284264327917591530344415755728982631960007489998E-10
16200000000000,2.3557647294066302574939651149862119696724017944613E-10
16300000000000,2.3832420026943813586830360054082521059973818580313E-10
16400000000000,2.4108579001888418630372948879946416969561419805962E-10
16500000000000,2.4386120697974865655241892007866029951972046946263E-10
16600000000000,2.4665041598013780879564736989000946829248434199290E-10
16700000000000,2.4945338188551089731890515370720047217289565778294E-10
16800000000000,2.5227006959867434353433279227324363149463939454175E-10
16900000000000,2.5510044405977587662040909239353878346313876348300E-10
17000000000000,2.5794447024629863979347759843141758791218762883801E-10
17100000000000,2.6080211317305526222578120532705373856026197240035E-10
17200000000000,2.6367333789218189662475879803990206851868268081166E-10
17300000000000,2.6655810949313222248844179452364014943230070358935E-10
17400000000000,2.6945639310267141505187241933586401061762559677417E-10
17500000000000,2.7236815388487007993954942241783904522157836525377E-10
17600000000000,2.7529335704109815353899078210812190113882133891728E-10
17700000000000,2.7823196781001876911058669273393301111166297415887E-10
17800000000000,2.8118395146758208864899983481224827167433541947751E-10
17900000000000,2.8414927332701910051145355964556221742088938315680E-10
18000000000000,2.8712789873883538282833218957242001936109014188911E-10
18100000000000,2.9011979309080483271160113998778617565638749649106E-10
18200000000000,2.9312492180796336127663800914117858308340978785978E-10
18300000000000,2.9614325035260255449314915630971487315413889096204E-10
18400000000000,2.9917474422426329988092959788766499140805030084015E-10
18500000000000,3.0221936895972937906630729389305799725127882209296E-10
18600000000000,3.0527709013302102621519607402503850175214520335162E-10
18700000000000,3.0834787335538845235876456237310615689599122975196E-10
18800000000000,3.1143168427530533562781150284160989767143652579803E-10
18900000000000,3.1452848857846227741202086297083161387806022178776E-10
19000000000000,3.1763825198776022446035300177102268352922671577148E-10
19100000000000,3.2076094026330385693891102709961115416597787332989E-10
19200000000000,3.2389651920239494246270423966665788912639189516859E-10
19300000000000,3.2704495463952565611781326361211006156331547981710E-10
19400000000000,3.3020621244637186649054409742350814187711135550947E-10
19500000000000,3.3338025853178638772024088341800296754920880682830E-10
19600000000000,3.3656705884179219759250968876171642686700044931990E-10
19700000000000,3.3976657935957562168968801570694739443124882290799E-10
19800000000000,3.4297878610547948361547711305823134419252732491395E-10
19900000000000,3.4620364513699622131073644449698990867149131437595E-10
20000000000000,3.4944112254876096947752188196707478010281480109910E-10
20100000000000,3.5269118447254460812853133351597684091975610337383E-10
20200000000000,3.5595379707724677727920358446533519100116759816585E-10
20300000000000,3.5922892656888885779979812821658356276696419587890E-10
20400000000000,3.6251653919060691844486568805050005396550204561897E-10
20500000000000,3.6581660122264462907760098362091353010385455907795E-10
20600000000000,3.6912907898234614010665107514114859592844347466759E-10
20700000000000,3.7245393882414892815303432418569359701091057619266E-10
20800000000000,3.7579114713957660796490664224823829328508061941658E-10
20900000000000,3.7914067035723171059799325638028993279603408214365E-10
21000000000000,3.8250247494278842787958570505213537552215683185185E-10
21100000000000,3.8587652739898532317408518650052820422585481706297E-10
21200000000000,3.8926279426561800846815471592615949671093054534427E-10
21300000000000,3.9266124211953178779362380665019771082813470283464E-10
21400000000000,3.9607183757461426700637057340489998959982567863421E-10
21500000000000,3.9949454728178792993948726299091356075047520728315E-10
21600000000000,4.0292933792900268094911624825627954487238069759424E-10
21700000000000,4.0637617624122835387142447541267042593361285836247E-10
21800000000000,4.0983502898044718740926523177685689777989877781173E-10
21900000000000,4.1330586294564626696715690078410412209794889440287E-10
22000000000000,4.1678864497280993295328909323991200089643075774380E-10
22100000000000,4.2028334193491215556734718793248722430869806740388E-10
22200000000000,4.2378992074190887609302688059629482123244753450164E-10
22300000000000,4.2730834834073031471419082747319371908101720770278E-10
22400000000000,4.3083859171527324487369987803870810287485835827686E-10
22500000000000,4.3438061788639323419403172052410343793526834623826E-10
22600000000000,4.3793439391189685197888001334778965874487818224102E-10
22700000000000,4.4149988688653384331500724515032038603702453994538E-10
22800000000000,4.4507706394198926979370465548454354382071295157798E-10
22900000000000,4.4866589224687561687129255702542599394385477867352E-10
23000000000000,4.5226633900672486788817432811235841215373631988237E-10
23100000000000,4.5587837146398054476603719120047913550455838747665E-10
23200000000000,4.5950195689798971540287265805736844288232891364328E-10
23300000000000,4.6313706262499496778556920597848967061763561182119E-10
23400000000000,4.6678365599812635083990935059062521574149233623066E-10
23500000000000,4.7044170440739328203788279964941272221631868902090E-10
23600000000000,4.7411117527967642178230680829757469753775510280687E-10
23700000000000,4.7779203607871951458882420921770667213859793615330E-10
23800000000000,4.8148425430512119708542886067120792931864581157717E-10
23900000000000,4.8518779749632677284974744124727971255853345779262E-10
24000000000000,4.8890263322661995410438562193756718831268114686123E-10
24100000000000,4.9262872910711457029072566358818728269136785633372E-10
24200000000000,4.9636605278574624354164142054728607520889388631183E-10
24300000000000,5.0011457194726403107367557910914708108511427375593E-10
24400000000000,5.0387425431322203451930272184198676918578100320486E-10
24500000000000,5.0764506764197097621998048576321007051096384615753E-10
24600000000000,5.1142697972864974250076967328086501045133494758999E-10
24700000000000,5.1521995840517689394738267954166688611872739001185E-10
24800000000000,5.1902397154024214270659801800312171150441764920295E-10
24900000000000,5.2283898703929779683105705736935903471874044432690E-10
25000000000000,5.2666497284455017168953732718721051726650198493589E-10
25100000000000,5.3050189693495096846387490608130122668204407747883E-10
25200000000000,5.3434972732618861975378647550544913504407274122629E-10
25300000000000,5.3820843207067960231091960269402565462356214323295E-10
25400000000000,5.4207797925755971692353770890318588578818103723917E-10
25500000000000,5.4595833701267533547332398273064197058510571268453E-10
25600000000000,5.4984947349857461518586621298707933638421828846167E-10
25700000000000,5.5375135691449868009646214095610066744743980939301E-10
25800000000000,5.5766395549637276975296246761696909789593513270295E-10
25900000000000,5.6158723751679735517744609721020102012700199586021E-10
26000000000000,5.6552117128503922210859955409557014330284569601752E-10
26100000000000,5.6946572514702252154674977488121930856697318845750E-10
26200000000000,5.7342086748531978762357665198777929872985996156781E-10
26300000000000,5.7738656671914292281860878784966336902344690105801E-10
26400000000000,5.8136279130433415054468291054459777235853029821229E-10
26500000000000,5.8534950973335693512462430148007558470190075693459E-10
26600000000000,5.8934669053528686918148239355045692925604442793765E-10
26700000000000,5.9335430227580252846473241361011809206837676479906E-10
26800000000000,5.9737231355717629413493056588617313255912651629587E-10
26900000000000,6.0140069301826514252938678277921751918077505618122E-10
27000000000000,6.0543940933450140243149550607320384697539710113043E-10
27100000000000,6.0948843121788347986644130459745298654059782223407E-10
27200000000000,6.1354772741696655044607238355699831420875272739707E-10
27300000000000,6.1761726671685321928581119577459598527089359997154E-10
27400000000000,6.2169701793918414851654742567202398587929530827322E-10
27500000000000,6.2578694994212865241453458266352550897855698156952E-10
27600000000000,6.2988703162037526017238731144479341689117505269167E-10
27700000000000,6.3399723190512224633435230214168601576642315753995E-10
27800000000000,6.3811751976406812891910136313943404258243999557643E-10
27900000000000,6.4224786420140213525337080335155041010069639605725E-10
28000000000000,6.4638823425779463553984675841467706820378922455223E-10
28100000000000,6.5053859901038754418277148651847161240755164739009E-10
28200000000000,6.5469892757278468889482095400621102919943068860386E-10
28300000000000,6.5886918909504214760887922822052061590799573107530E-10
28400000000000,6.6304935276365855321841029502856206269787456919521E-10
28500000000000,6.6723938780156536617020292075176698811501414591002E-10
28600000000000,6.7143926346811711493333908255700519350933919591953E-10
28700000000000,6.7564894905908160436831129744974974540443904364134E-10
28800000000000,6.7986841390663009202028888755675940652151234447029E-10
28900000000000,6.8409762737932743236060782810805672170816231621256E-10
29000000000000,6.8833655888212218900063333413815074311946434715408E-10
29100000000000,6.9258517785633671490221875213775178061338500824564E-10
29200000000000,6.9684345377965720060905863341346942640264816782756E-10
29300000000000,7.0111135616612369052330807646859666212271303859919E-10
29400000000000,7.0538885456612006725191453601809042743216896420173E-10
29500000000000,7.0967591856636400404718230601089858864449478550497E-10
29600000000000,7.1397251778989688536616379296910000556694092487653E-10
29700000000000,7.1827862189607369557354550378277437126657504712674E-10
29800000000000,7.2259420058055287581277037853957007851414942803536E-10
29900000000000,7.2691922357528614907021170373667386208321398261525E-10
30000000000000,7.3125366064850831345728734403900317424448026720649E-10
30100000000000,7.3559748160472700373547643133025599948434906343812E-10
30200000000000,7.3995065628471242110927394787289650682481968711528E-10
30300000000000,7.4431315456548703131219183566978209135647852609928E-10
30400000000000,7.4868494636031523101098835632512313563671127996267E-10
30500000000000,7.5306600161869298255338041455760956750080523495843E-10
30600000000000,7.5745629032633741708456644374626104402476416125081E-10
30700000000000,7.6185578250517640605796023321290960977436222864586E-10
30800000000000,7.6626444821333810116560875408788194933312143541073E-10
30900000000000,7.7068225754514044271383961329171910570282033367489E-10
31000000000000,7.7510918063108063646975623312059173427181550567882E-10
31100000000000,7.7954518763782459900427121687200781111081595502042E-10
31200000000000,7.8399024876819637155744061861667014853516100847825E-10
31300000000000,7.8844433426116750245193398733876124074586234934554E-10
31400000000000,7.9290741439184639808054710195798771640854146674988E-10
31500000000000,7.9737945947146764249373625394051903583378741885347E-10
31600000000000,8.0186043984738128561322476803125770559271463454733E-10
31700000000000,8.0635032590304210009780417882607497119797975404546E-10
31800000000000,8.1084908805799880688752410117977303813977691120633E-10
31900000000000,8.1535669676788326945253634554427273831151299677953E-10
32000000000000,8.1987312252439965677293023498320005358696547291930E-10
32100000000000,8.2439833585531357507596737854562880194047146559888E-10
32200000000000,8.2893230732444116835719534563585121398679133478956E-10
32300000000000,8.3347500753163818771199076772096400179486943440099E-10
32400000000000,8.3802640711278902950415336690769699090890602814025E-10
32500000000000,8.4258647673979574239824327532884923818467953837626E-10
32600000000000,8.4715518712056700328242476464316264122489708489378E-10
32700000000000,8.5173250899900706210865015100633968232552430877483E-10
32800000000000,8.5631841315500465567708817735174134364964370389069E-10
32900000000000,8.6091287040442189039177160146428286513703193212330E-10
33000000000000,8.6551585159908309401450903487803805422260022981681E-10
33100000000000,8.7012732762676363644417628381558752649212036904986E-10
33200000000000,8.7474726941117871954857253895438524160843293235405E-10
33300000000000,8.7937564791197213607609674549221751435509141196350E-10
33400000000000,8.8401243412470499767456935853070104822230859600746E-10
33500000000000,8.8865759908084443204459445094388975557612295496325E-10
33600000000000,8.9331111384775224925492679139028042944014574089855E-10
33700000000000,8.9797294952867357724737804870334024862506550762374E-10
33800000000000,9.0264307726272546655886570530131080987014537664426E-10
33900000000000,9.0732146822488546428827757623533206212064210856925E-10
34000000000000,9.1200809362598015733589403179040667928625767050423E-10
34100000000000,9.1670292471267368494317910991159723055684517398663E-10
34200000000000,9.2140593276745622056082067989399717491592974354445E-10
34300000000000,9.2611708910863242307296868049600172829973858086529E-10
34400000000000,9.3083636509030985740568920365846418235182599337714E-10
34500000000000,9.3556373210238738454772082908537540580935072169966E-10
34600000000000,9.4029916157054352101168813481334841237128477998991E-10
34700000000000,9.4504262495622476776399571431670798008158170959606E-10
34800000000000,9.4979409375663390865169432141234316959682360989145E-10
34900000000000,9.5455353950471827835467893999432918117902930299279E-10
35000000000000,9.5932093376915799989164663619400172348042041348188E-10
35100000000000,9.6409624815435419170830999567869707325562745685831E-10
35200000000000,9.6887945430041714437642977822446841180691669990722E-10
35300000000000,9.7367052388315446693229813517815822324097969936068E-10
35400000000000,9.7846942861405920288337133271634345066625591916763E-10
35500000000000,9.8327614024029791591181840466766343291685542896175E-10
35600000000000,9.8809063054469874530381952284637312596082699420775E-10
35700000000000,9.9291287134573943113351512010481377158204330632032E-10
35800000000000,9.9774283449753530923057393140773455528403854451998E-10
35900000000000,1.0025804918898272759604151309196041966443115877290E-9
36000000000000,1.0074258154479697228461866381354921253822581868497E-9
36100000000000,1.0122787771329184410616684432357464110825572330511E-9
36200000000000,1.0171393489412184958243364608642228562952974050542E-9
36300000000000,1.0220075029049920707178889621796021924363617378264E-9
36400000000000,1.0268832110919262819736040570704495408008202978156E-9
36500000000000,1.0317664456052609627399630016189066671333566857270E-9
36600000000000,1.0366571785837764173700402900077537570313386525949E-9
36700000000000,1.0415553822017811457562275548542315887182594694556E-9
36800000000000,1.0464610286690995377419242451853838085376677957316E-9
36900000000000,1.0513740902310595376398938767083790407486029528704E-9
37000000000000,1.0562945391684802788870503544406312650626961787930E-9
37100000000000,1.0612223477976596888655044529145938772214788769738E-9
37200000000000,1.0661574884703620639197660038276110003415550854000E-9
37300000000000,1.0710999335738056146000626849356362687787219486497E-9
37400000000000,1.0760496555306499811618015269591573818122766559612E-9
37500000000000,1.0810066267989837193512643570491938730238007593118E-9
37600000000000,1.0859708198723117565076933777203832827466378546923E-9
37700000000000,1.0909422072795428180119879388672737747391213360068E-9
37800000000000,1.0959207615849768241122982973100558482800757030424E-9
37900000000000,1.1009064553882922571568667730388700512187087715886E-9
38000000000000,1.1058992613245334992645312037140217437199218081493E-9
38100000000000,1.1108991520640981404633699688061417073841482990754E-9
38200000000000,1.1159061003127242573280321017995010180580568743686E-9
38300000000000,1.1209200788114776621463601329079940440682272840069E-9
38400000000000,1.1259410603367391226459773055421453891237976366298E-9
38500000000000,1.1309690177001915523115746870930036025674792874726E-9
38600000000000,1.1360039237488071713236974482418139767166926694947E-9
38700000000000,1.1410457513648346381498932147405021778298784020089E-9
38800000000000,1.1460944734657861518191489012155683048682733268874E-9
38900000000000,1.1511500630044245249106058178060378455428706497420E-9
39000000000000,1.1562124929687502272876060971344256795353649312892E-9
39100000000000,1.1612817363819884006081866210087597611247922983226E-9
39200000000000,1.1663577663025758436431996331448356570743117659922E-9
39300000000000,1.1714405558241479684333021058630212794276948114154E-9
39400000000000,1.1765300780755257273161186849358298264422110472631E-9
39500000000000,1.1816263062207025108549456673245933738008066602713E-9
39600000000000,1.1867292134588310167004259712301043633009223058739E-9
39700000000000,1.1918387730242100894166874364779924268042656161248E-9
39800000000000,1.1969549581862715313034990455505559647466353182756E-9
39900000000000,1.2020777422495668842460617813492004737989552732695E-9
40000000000000,1.2072070985537541826241128368127209831385563345829E-9
40100000000000,1.2123430004735846773120837636143206915122534144546E-9
40200000000000,1.2174854214188895308021148921031439421711003451591E-9
40300000000000,1.2226343348345664834817899722336273177821437951674E-9
40400000000000,1.2277897142005664910985164752282934857644207952327E-9
40500000000000,1.2329515330318803334425383579376323602054817909338E-9
40600000000000,1.2381197648785251942806293260860862941358807383445E-9
40700000000000,1.2432943833255312125725757386182836941497829639012E-9
40800000000000,1.2484753619929280050026192729777031186078842677272E-9
40900000000000,1.2536626745357311598580903201548041247952352420064E-9
41000000000000,1.2588562946439287022875237985279914323085290956496E-9
41100000000000,1.2640561960424675309706096666839988811265013910931E-9
41200000000000,1.2692623524912398262323908773405575670078668195594E-9
41300000000000,1.2744747377850694296341818470004726075856523235041E-9
41400000000000,1.2796933257536981950737407188401561046297995940649E-9
41500000000000,1.2849180902617723114272887693756885031014719329636E-9
41600000000000,1.2901490052088285967660302524548036937817624672274E-9
41700000000000,1.2953860445292807641798857868937712510945244888457E-9
41800000000000,1.3006291821924056592412120764146988160137311555427E-9
41900000000000,1.3058783922023294691413403022427766688156670039163E-9
42000000000000,1.3111336485980139035328249495966748747489688842277E-9
42100000000000,1.3163949254532423471103541191516838271815788868329E-9
42200000000000,1.3216621968766059839633315331780281332055645531307E-9
42300000000000,1.3269354370114898937331994732606127949103384217303E-9
42400000000000,1.3322146200360591196086307820965762285587228483636E-9
42500000000000,1.3374997201632447081917768256494898557497639151895E-9
42600000000000,1.3427907116407297212688169437206889852530488770751E-9
42700000000000,1.3480875687509352195181134165866426721386303923840E-9
42800000000000,1.3533902658110062181893343425548382100322491933067E-9
42900000000000,1.3586987771727976147869650559185055486541970233528E-9
43000000000000,1.3640130772228600887916868166525453605316498067362E-9
43100000000000,1.3693331403824259734531594720999301070070852736759E-9
43200000000000,1.3746589411073950996878026266610707466106908767586E-9
43300000000000,1.3799904538883206121152275579304060300353966556491E-9
43400000000000,1.3853276532503947572670296866377736362444561192433E-9
43500000000000,1.3906705137534346440017088429607341678993198637193E-9
43600000000000,1.3960190099918679761595418730924869067703092227482E-9
43700000000000,1.4013731165947187574912892971936628894744510807720E-9
43800000000000,1.4067328082255929688946747628412057177175718779868E-9
43900000000000,1.4120980595826642179926329366306305001882182150345E-9
44000000000000,1.4174688453986593610873782405068416417510034504575E-9
44100000000000,1.4228451404408440975244034685118250746448674317752E-9
44200000000000,1.4282269195110085365005738137641239507703926403383E-9
44300000000000,1.4336141574454527363505381944450532633092846828584E-9
44400000000000,1.4390068291149722163457359911808840428376655037121E-9
44500000000000,1.4444049094248434410403333963002893269534322787333E-9
44600000000000,1.4498083733148092771984795278345323451555665135059E-9
44700000000000,1.4552171957590644233373282776373159773378143111688E-9
44800000000000,1.4606313517662408119203275434558092972085111683860E-9
44900000000000,1.4660508163793929842353330390088144390997856434600E-9
45000000000000,1.4714755646759834379921592839478131332548140553042E-9
45100000000000,1.4769055717678679476742356468180011992263743318725E-9
45200000000000,1.4823408128012808576790904486264320607220968592558E-9
45300000000000,1.4877812629568203482824411321908854455822913828274E-9
45400000000000,1.4932268974494336744607233629146815326141009349339E-9
45500000000000,1.4986776915284023776069466498387894084491961025572E-9
45600000000000,1.5041336204773274701748186615934367978023041521112E-9
45700000000000,1.5095946596141145932861348600380107632830150108177E-9
45800000000000,1.5150607842909591473364843847721323511129931630257E-9
45900000000000,1.5205319698943313956343772941549693190962511384682E-9
46000000000000,1.5260081918449615411089523028174895031408672962319E-9
46100000000000,1.5314894255978247761214780517276151105838491212886E-9
46200000000000,1.5369756466421263054159147045060706143842431917211E-9
46300000000000,1.5424668305012863422438562827268732053332573976456E-9
46400000000000,1.5479629527329250776992276332074386903085744994606E-9
46500000000000,1.5534639889288476232981632616365061602911582645827E-9
46600000000000,1.5589699147150289268395484691416562490734700840377E-9
46700000000000,1.5644807057515986615817562914010412057239417109520E-9
46800000000000,1.5699963377328260887711666634957880218624305406813E-9
46900000000000,1.5755167863871048935581070177209036417328693325419E-9
47000000000000,1.5810420274769379943359061658647270026265091733550E-9
47100000000000,1.5865720367989223255388058218721580419701943832646E-9
47200000000000,1.5921067901837335939345264851679697308379771238555E-9
47300000000000,1.5976462634961110084473366290771961960658554619014E-9
47400000000000,1.6031904326348419835475262225844088413313746650617E-9
47500000000000,1.6087392735327468162432375569679645982620176102465E-9
47600000000000,1.6142927621566633367106581514751588498898560691909E-9
47700000000000,1.6198508745074315325986321740165648049768683542684E-9
47800000000000,1.6254135866198781470437983337004181325724682689649E-9
47900000000000,1.6309808745628012504324135817492403092914260815243E-9
48000000000000,1.6365527144389547859450731957903195593692119330823E-9
48100000000000,1.6421290823850330889205889195393215065227682282187E-9
48200000000000,1.6477099545716553800753377853531240829011125612663E-9
48300000000000,1.6532953072033502326144450608657090666769262093879E-9
48400000000000,1.6588851165185400132712154327921473773940582994801E-9
48500000000000,1.6644793587895252973112770708437442724167327844467E-9
48600000000000,1.6700780103224692575379536023964274475007627742779E-9
48700000000000,1.6756810474573820273354292739494360649328302749574E-9
48800000000000,1.6812884465681050377863226783580794126252621970760E-9
48900000000000,1.6869001840622953289003343871793653699590914621874E-9
49000000000000,1.6925162363814098349906836450900443326985190844217E-9
49100000000000,1.6981365800006896442350989580812754586590434548335E-9
49200000000000,1.7037611914291442324581769388617097158783080083741E-9
49300000000000,1.7093900472095356711719731614711182988011067004565E-9
49400000000000,1.7150231239183628099117380223804053732817582228471E-9
49500000000000,1.7206603981658454329037597071923708742473144636878E-9
49600000000000,1.7263018465959083901023253203231828826010514901591E-9
49700000000000,1.7319474458861657026328600496002416391994581948538E-9
49800000000000,1.7375971727479046426783529084218416141554448625293E-9
49900000000000,1.7432510039260697878462261248524491405357562133215E-9
50000000000000,1.7489089161992470500528536296400080271055978797597E-9
50100000000000,1.7545708863796476789629823335047739290147451427393E-9
50200000000000,1.7602368913130922400213579780298826517916808180132E-9
50300000000000,1.7659069078789945671139052939501138599627968098766E-9
50400000000000,1.7715809129903456898958600054558693757552951024127E-9
50500000000000,1.7772588835936977358242978791738079074572735486458E-9
50600000000000,1.7829407966691478069325535316242435113627463787006E-9
50700000000000,1.7886266292303218313840690790595159238004420353540E-9
50800000000000,1.7943163583243583898432599385290846792626196540597E-9
50900000000000,1.8000099610318925167010321686689085834510653401996E-9
51000000000000,1.8057074144670394761926326729483862307586602855089E-9
51100000000000,1.8114086957773785134455603768022064216921932821057E-9
51200000000000,1.8171137821439365804953131331021604154784488091455E-9
51300000000000,1.8228226507811720373067916076613884082501569127039E-9
51400000000000,1.8285352789369583278392277477875748086071607077873E-9
51500000000000,1.8342516438925676311925516421899923197484906122674E-9
51600000000000,1.8399717229626544878731566396765625230613349664996E-9
51700000000000,1.8456954934952394012170685069306073242793693333630E-9
51800000000000,1.8514229328716924140085701721128860135451182853322E-9
51900000000000,1.8571540185067166603323792209738398246881275700208E-9
52000000000000,1.8628887278483318926975207854655113117402610880845E-9
52100000000000,1.8686270383778579844710837913949999351006752287537E-9
52200000000000,1.8743689276098984076600937113450073433468769632328E-9
52300000000000,1.8801143730923236860797800017862846019658779772849E-9
52400000000000,1.8858633524062548239465612889067072190115594298314E-9
52500000000000,1.8916158431660467099341161060681801490137151673218E-9
52600000000000,1.8973718230192714967309515768623418788332942480248E-9
52700000000000,1.9031312696467019561379268813566422461745514002306E-9
52800000000000,1.9088941607622948097442326391921812315158414091217E-9
52900000000000,1.9146604741131740352203714916029046039923542921744E-9
53000000000000,1.9204301874796141482667291650623667836025222356189E-9
53100000000000,1.9262032786750234602563691520201223752422778689825E-9
53200000000000,1.9319797255459273116107278489565474656860236190193E-9
53300000000000,1.9377595059719512809469305486549932248224481084649E-9
53400000000000,1.9435425978658043700354920920569324030223158451116E-9
53500000000000,1.9493289791732621646072092452232904336588685016370E-9
53600000000000,1.9551186278731499710480949786683953406521279062569E-9
53700000000000,1.9609115219773259290212477895576948179588281066585E-9
53800000000000,1.9667076395306641000545920218631571373318849291042E-9
53900000000000,1.9725069586110375321334678054484996844178892318932E-9
54000000000000,1.9783094573293013003370917521083020752399975910548E-9
54100000000000,1.9841151138292755235579519147097096710688593565403E-9
54200000000000,1.9899239062877283573432427346826902710465116083115E-9
54300000000000,1.9957358129143589628974877730753669935479453750833E-9
54400000000000,2.0015508119517804522855399411363319390398840084151E-9
54500000000000,2.0073688816755028098751907178083892495977601377657E-9
54600000000000,2.0131900003939157900586614635210468437451735575620E-9
54700000000000,2.0190141464482717912922914121562608137003601618124E-9
54800000000000,2.0248412982126687064937782459382459198524850853298E-9
54900000000000,2.0306714340940327498363683311692338704936504602824E-9
55000000000000,2.0365045325321012599794347161053456464697419972914E-9
55100000000000,2.0423405719994054797749218657475260492744781596680E-9
55200000000000,2.0481795310012533124891768318198725247292242369526E-9
55300000000000,2.0540213880757120545797271296306043858935344275906E-9
55400000000000,2.0598661217935911050666060167691147577431685700728E-9
55500000000000,2.0657137107584246515378661415966015530366711735092E-9
55600000000000,2.0715641336064543328289626521490849940301408149351E-9
55700000000000,2.0774173690066118784157268283024108510176178736072E-9
55800000000000,2.0832733956605017245606911217621577377136042617856E-9
55900000000000,2.0891321923023836072525661595510843963199133395025E-9
56000000000000,2.0949937376991551319787097870875636966832561712668E-9
56100000000000,2.1008580106503343203704675965958727115158549807233E-9
56200000000000,2.1067249899880421337613036053795852351835717673076E-9
56300000000000,2.1125946545769849736976788163398108800909582918848E-9
56400000000000,2.1184669833144371594426743099486336666332386964121E-9
56500000000000,2.1243419551302233825123942826136369201748399451664E-9
56600000000000,2.1302195489867011382852230609114982256937094284758E-9
56700000000000,2.1360997438787431347240485844477598880345943530244E-9
56800000000000,2.1419825188337196782516031620373122861487012037766E-9
56900000000000,2.1478678529114810368191104664179788991154574541204E-9
57000000000000,2.1537557252043397802084657417307955031244182113217E-9
57100000000000,2.1596461148370530976082140554488886003335556839164E-9
57200000000000,2.1655390009668050925036291322368596187158440965304E-9
57300000000000,2.1714343627831890549212328612996753967855074727279E-9
57400000000000,2.1773321795081897110681329710604789529465922450431E-9
57500000000000,2.1832324303961654504065936154175179093437236331126E-9
57600000000000,2.1891350947338305302042907142994148448546145566308E-9
57700000000000,2.1950401518402372576007408376939711311392973481813E-9
57800000000000,2.2009475810667581492304292166981233953786154907255E-9
57900000000000,2.2068573617970680684431991073559025859787303554014E-9
58000000000000,2.2127694734471263401625012230484455167098085620692E-9
58100000000000,2.2186838954651588434221382889072663338790247615031E-9
58200000000000,2.2246006073316400816221759570719218560776667969945E-9
58300000000000,2.2305195885592752305447273545395339819009535025082E-9
58400000000000,2.2364408186929821641703544157908205630188511753145E-9
58500000000000,2.2423642773098734583358648802606117882952404350750E-9
58600000000000,2.2482899440192383722743194099863928435597930662401E-9
58700000000000,2.2542177984625248080780987053531380125158066808710E-9
58800000000000,2.2601478203133212481259157666943309128406902489019E-9
58900000000000,2.2660799892773386705146935665461663391723681872255E-9
59000000000000,2.2720142850923924425372633615238888438058814992086E-9
59100000000000,2.2779506875283841922468736840362506995764012665166E-9
59200000000000,2.2838891763872836581495347123171973948534474370503E-9
59300000000000,2.2898297315031105170652572224749634271229343282588E-9
59400000000000,2.2957723327419161901992796783804568025416355816283E-9
59500000000000,2.3017169600017656274644112141826198273671938490552E-9
59600000000000,2.3076635932127190700956523099926894067531344756660E-9
59700000000000,2.3136122123368137915982888537670752550661324033555E-9
59800000000000,2.3195627973680458170706890215858822607142842229761E-9
59900000000000,2.3255153283323516209430659943176965942983456342770E-9
60000000000000,2.3314697852875898031735029610287264011350200883911E-9
60100000000000,2.3374261483235227439425701383841487908951432441445E-9
60200000000000,2.3433843975617982368878966606507961201238166887498E-9
60300000000000,2.3493445131559311009200931666931658878705843849275E-9
60400000000000,2.3553064752912847706614537285100281524935047378931E-9
60500000000000,2.3612702641850528655488984303383187904839273873882E-9
60600000000000,2.3672358600862407376426504181070507991099380864538E-9
60700000000000,2.3732032432756469981821735960099716548968640761351E-9
60800000000000,2.3791723940658450229309293501357824888900721415722E-9
60900000000000,2.3851432928011644363515427284038718097390193681625E-9
61000000000000,2.3911159198576725746530004014574769713114491794674E-9
61100000000000,2.3970902556431559277515344706215615223216003096013E-9
61200000000000,2.4030662805971015601868777764968933834075571056796E-9
61300000000000,2.4090439751906785110356077951930509785162205668475E-9
61400000000000,2.4150233199267191728633274885604113188187343076375E-9
61500000000000,2.4210042953397006497574626000244404155486894363243E-9
61600000000000,2.4269868819957260944824858587154822848922964792921E-9
61700000000000,2.4329710604925060247994093714852130688152402611447E-9
61800000000000,2.4389568114593396189914171450692908327117779172738E-9
61900000000000,2.4449441155570959906375401890576030203988723904150E-9
62000000000000,2.4509329534781954426763070044328198215064797733267E-9
62100000000000,2.4569233059465907008013324621994438298697149791406E-9
62200000000000,2.4629151537177481262308381220147585104671671714203E-9
62300000000000,2.4689084775786289078931269317163871300269693386596E-9
62400000000000,2.4749032583476702340700649851857593818054176255933E-9
62500000000000,2.4808994768747664435406525980606364766743259713817E-9
62600000000000,2.4868971140412501562667963883817702259692529400292E-9
62700000000000,2.4928961507598733836634233222983821910638657768412E-9
62800000000000,2.4988965679747886184951068034348708603883986485140E-9
62900000000000,2.5048983466615299044414038484082241430072438210086E-9
63000000000000,2.5109014678269938853731312002540775168991765527493E-9
63100000000000,2.5169059125094208343818368861420709889274509596067E-9
63200000000000,2.5229116617783756626047522257117860265445722926715E-9
63300000000000,2.5289186967347289078875376416135611765900028708146E-9
63400000000000,2.5349269985106377033271638143691750986419457923894E-9
63500000000000,2.5409365482695267257372977594518392275770501035110E-9
63600000000000,2.5469473272060691240785912855000579460524412327627E-9
63700000000000,2.5529593165461674278962970188033979479632245976641E-9
63800000000000,2.5589724975469344358076647506085731761947939098153E-9
63900000000000,2.5649868514966740840815982803708164571381325489155E-9
64000000000000,2.5710023597148622953530801897983987822648581478837E-9
64100000000000,2.5770190035521278075148990893883026162188822679029E-9
64200000000000,2.5830367643902329828292408311101921533786260744387E-9
64300000000000,2.5890556236420545973017319779464911450295862643953E-9
64400000000000,2.5950755627515646103605504631219218813556668221845E-9
64500000000000,2.6010965631938109148832448590404248224523059116202E-9
64600000000000,2.6071186064748980676139300081759180149046532193127E-9
64700000000000,2.6131416741319680000135529454216221990118317013718E-9
64800000000000,2.6191657477331807095859490636772269153513604931760E-9
64900000000000,2.6251908088776949317224343417313620821093830765335E-9
65000000000000,2.6312168391956487921077051657668266703561970578650E-9
65100000000000,2.6372438203481404397298428330667700862459965483113E-9
65200000000000,2.6432717340272086605372452287212815929395298925193E-9
65300000000000,2.6493005619558134717853334133161770482289024291841E-9
65400000000000,2.6553302858878166971159059517205379080959368768618E-9
65500000000000,2.6613608876079625224120387501689108654459315609725E-9
65600000000000,2.6673923489318580324714529508509716349038938582538E-9
65700000000000,2.6734246517059537285412980601696446577395866114332E-9
65800000000000,2.6794577778075240267573219587027001570831148761518E-9
65900000000000,2.6854917091446477375304237576980656125663621354891E-9
66000000000000,2.6915264276561885259236096286456306946625590554809E-9
66100000000000,2.6975619153117753530623957390951285463036052214624E-9
66200000000000,2.7035981541117828986217262794284721916246781347027E-9
66300000000000,2.7096351260873119644324982617442370072333416924916E-9
66400000000000,2.7156728133001698592508083133711262974854352221316E-9
66500000000000,2.7217111978428507647330600737963476421912590889808E-9
66600000000000,2.7277502618385160826600940349747656951684075281073E-9
66700000000000,2.7337899874409747634535247410771770627040355235233E-9
66800000000000,2.7398303568346636160274931847435604335499063829828E-9
66900000000000,2.7458713522346275990190650028329664044509713600964E-9
67000000000000,2.7519129558865000934405276855098924596725359569639E-9
67100000000000,2.7579551500664831567968624682823945886560133643217E-9
67200000000000,2.7639979170813277587116888773154619659936826760107E-9
67300000000000,2.7700412392683139981050020439907568816529575804380E-9
67400000000000,2.7760850989952313019660448952779179789630741067990E-9
67500000000000,2.7821294786603586057646791620312468499227118845625E-9
67600000000000,2.7881743606924445155446408278375382593555109251502E-9
67700000000000,2.7942197275506874517420871665256502708213584694119E-9
67800000000000,2.8002655617247157747728638869165046655163311835001E-9
67900000000000,2.8063118457345678924319421188547067470798507214059E-9
68000000000000,2.8123585621306723491484960350318068412594012874878E-9
68100000000000,2.8184056934938278971401128085991062558506030562790E-9
68200000000000,2.8244532224351835495096473570883330098237958871945E-9
68300000000000,2.8305011315962186153282549187257535584269138728880E-9
68400000000000,2.8365494036487227167481549478544030765971583814043E-9
68500000000000,2.8425980212947757881887001018859457254619012812323E-9
68600000000000,2.8486469672667280576393442230048341962112702182774E-9
68700000000000,2.8546962243271800101231231937603198530964264197722E-9
68800000000000,2.8607457752689623333642823667246440992130328648159E-9
68900000000000,2.8667956029151158457037039345873685367987438890871E-9
69000000000000,2.8728456901188714063058071184160029996634705364645E-9
69100000000000,2.8788960197636298077006134083623693302818695311133E-9
69200000000000,2.8849465747629416507046882928537726833351284468447E-9
69300000000000,2.8909973380604872017646899593000933501049620599286E-9
69400000000000,2.8970482926300562327672743415951864313396577558330E-9
69500000000000,2.9030994214755278433591246272170828450489490993051E-9
69600000000000,2.9091507076308502658208919195607939874897983651477E-9
69700000000000,2.9152021341600206525388521792951761096295567564052E-9
69800000000000,2.9212536841570648461181028420472220033730430049009E-9
69900000000000,2.9273053407460171321811406286099996637232005330961E-9
70000000000000,2.9333570870808999748956800281717020675665230385857E-9
70100000000000,2.9394089063457037352755897448011292902982857701507E-9
70200000000000,2.9454607817543663722988420526283816368361048993049E-9
70300000000000,2.9515126965507531268863875058583548478844396850367E-9
70400000000000,2.9575646340086361887858847959793163101586613452721E-9
70500000000000,2.9636165774316743464042327403106903157111553860872E-9
70600000000000,2.9696685101533926196328684234052409613271252618360E-9
70700000000000,2.9757204155371618757098123958139270510983882446454E-9
70800000000000,2.9817722769761784281624585633703909722981948857246E-9
70900000000000,2.9878240778934436188751229744906715674288129153311E-9
71000000000000,2.9938758017417433833253821330473993227875616890637E-9
71100000000000,2.9999274320036277990332477302023009042241828815363E-9
71200000000000,3.0059789521913906172672408002029289073994474953899E-9
71300000000000,3.0120303458470487780514442626065200829764877235116E-9
71400000000000,3.0180815965423219085176286167239075602744353081182E-9
71500000000000,3.0241326878786118046465612033183630846174192047634E-9
71600000000000,3.0301836034869818964426249437877735647387313148845E-9
71700000000000,3.0362343270281366965858878082440672124529135107573E-9
71800000000000,3.0422848421924012326057794511224576647269792666372E-9
71900000000000,3.0483351326997004626205464862467827704602229859111E-9
72000000000000,3.0543851822995386746866727526886440458665501618282E-9
72100000000000,3.0604349747709788698024656483306209148303380954319E-9
72200000000000,3.0664844939226221286100241798217095604926284721161E-9
72300000000000,3.0725337235925869618398187956412384971686361221694E-9
72400000000000,3.0785826476484886445421273333115100914128882800856E-9
72500000000000,3.0846312499874185341495855224657258845776962716813E-9
72600000000000,3.0906795145359233724151244425335378765436670945352E-9
72700000000000,3.0967274252499845712695811372997387198516055675878E-9
72800000000000,3.1027749661149974826432822385708175628229731588627E-9
72900000000000,3.1088221211457506522959139476987664023223708270495E-9
73000000000000,3.1148688743864050576990050668117695013368622621329E-9
73100000000000,3.1209152099104733300153629613381339270578650549263E-9
73200000000000,3.1269611118207989602198153718346528813382769904643E-9
73300000000000,3.1330065642495354894056238762959066908962816984153E-9
73400000000000,3.1390515513581256833209475340799107902759507658767E-9
73500000000000,3.1450960573372806911797478193918667530742189462773E-9
73600000000000,3.1511400664069591887915383759761507530882274166258E-9
73700000000000,3.1571835628163465060543953953324105333263981473735E-9
73800000000000,3.1632265308438337388556565384508002686236104190891E-9
73900000000000,3.1692689547969968454247482858107613937843957693993E-9
74000000000000,3.1753108190125757271825934122648898723157081050704E-9
74100000000000,3.1813521078564532941320619424925834528625256318144E-9
74200000000000,3.1873928057236345148339404490163358040250885539944E-9
74300000000000,3.1934328970382254510129059083864693193590810626085E-9
74400000000000,3.1994723662534122768380015321182368408979792614161E-9
74500000000000,3.2055111978514402829221230373697662951169122004824E-9
74600000000000,3.2115493763435928650850347182421917588213809919829E-9
74700000000000,3.2175868862701704979244454220271580334010938916636E-9
74800000000000,3.2236237122004696932396851257850784448865398532182E-9
74900000000000,3.2296598387327619433525332473741681325720551915361E-9
75000000000000,3.2356952504942726493697601115301931585992124946966E-9
75100000000000,3.2417299321411600344319531258856187701929355801851E-9
75200000000000,3.2477638683584940419932092039806802613354061266613E-9
75300000000000,3.2537970438602352191762848024248310674896694102621E-9
75400000000000,3.2598294433892135852478046174827596960485100121497E-9
75500000000000,3.2658610517171074852581395125531442920052189761663E-9
75600000000000,3.2718918536444224288905736223496842196353015291985E-9
75700000000000,3.2779218340004699145643898021525828465578412615230E-9
75800000000000,3.2839509776433462388365116613451422369841226717891E-9
75900000000000,3.2899792694599112911463493396557718010002387380268E-9
76000000000000,3.2960066943657673339485049521625267844643360040952E-9
76100000000000,3.3020332373052377682780022452580100259450004653123E-9
76200000000000,3.3080588832513458847927134704905353385912440549648E-9
76300000000000,3.3140836172057936003376647965670183070788115529649E-9
76400000000000,3.3201074241989401800759097418989957020607465574212E-9
76500000000000,3.3261302892897809452306681209710528924044088440520E-9
76600000000000,3.3321521975659259664834358575870426048544759799755E-9
76700000000000,3.3381731341435787430727787267807983378931602059776E-9
76800000000000,3.3441930841675148676385306449422779739104695166532E-9
76900000000000,3.3502120328110606768561245345856189616626640063971E-9
77000000000000,3.3562299652760718879057910462515511051943552187435E-9
77100000000000,3.3622468667929122208213675253728045907631201654015E-9
77200000000000,3.3682627226204320067634665666180792631551436382864E-9
77300000000000,3.3742775180459467822617603023490168443241374708555E-9
77400000000000,3.3802912383852158694711432254573508529762066197959E-9
77500000000000,3.3863038689824209424865428500786079785830739145287E-9
77600000000000,3.3923153952101445797611538665877054882348542639436E-9
77700000000000,3.3983258024693488026728776499545340458202916485841E-9
77800000000000,3.4043350761893536002837550330588313768156894421077E-9
77900000000000,3.4103432018278154403371861590187308068644723011290E-9
78000000000000,3.4163501648707057665377369790623940159180284155580E-9
78100000000000,3.4223559508322894821583375650538853221720161480050E-9
78200000000000,3.4283605452551034200196828585603820136422975541833E-9
78300000000000,3.4343639337099347988866517814060977498917770359578E-9
78400000000000,3.4403661017957996663265657860877682913369370970187E-9
78500000000000,3.4463670351399213280741129283167424249528495584530E-9
78600000000000,3.4523667193977087639477683983938536601713596034022E-9
78700000000000,3.4583651402527350303625471532062227053263222056724E-9
78800000000000,3.4643622834167156494839288464515433081594297751755E-9
78900000000000,3.4703581346294869850677996613375037679905796914884E-9
79000000000000,3.4763526796589846050312599075647437642852218881572E-9
79100000000000,3.4823459043012216307991503529747718410505893126479E-9
79200000000000,3.4883377943802670734711542199238827965683023844312E-9
79300000000000,3.4943283357482241568543355873253041515586091328149E-9
79400000000000,3.5003175142852086274059786014802313677227489988713E-9
79500000000000,3.5063053158993270511315954123904227076148612497399E-9
79600000000000,3.5122917265266550974829741173076311097597232580838E-9
79700000000000,3.5182767321312158103011412099260399546236411859973E-9
79800000000000,3.5242603187049578658491161019614018915142067840533E-9
79900000000000,3.5302424722677338179793382039837855816861537698301E-9
80000000000000,3.5362231788672783304806498243794145116538247208652E-9
80100000000000,3.5422024245791863966497207693114035878280393581367E-9
80200000000000,3.5481801955068915461318030026302988996494744134878E-9
80300000000000,3.5541564777816440390757060529549056995333799205212E-9
80400000000000,3.5601312575624890476478860357043159522330740358257E-9
80500000000000,3.5661045210362448249505431908163499863239495861348E-9
80600000000000,3.5720762544174808613886247223394994227201129432651E-9
80700000000000,3.5780464439484960285306314641392543749180095840266E-9
80800000000000,3.5840150758992967105081284867204305295115467937013E-9
80900000000000,3.5899821365675749229988612037404534093110774729730E-9
81000000000000,3.5959476122786864198383798332808376151494531920160E-9
81100000000000,3.6019114893856287873050762184623040515973564617645E-9
81200000000000,3.6078737542690195261235380146407489348833228087332E-9
81300000000000,3.6138343933370741212311261063149093341999507592535E-9
81400000000000,3.6197933930255840993526818261210081442047978232843E-9
81500000000000,3.6257507397978950744282711109945049661055077162898E-9
81600000000000,3.6317064201448847809388731468545765755210864772260E-9
81700000000000,3.6376604205849410951749213231239983549728602792977E-9
81800000000000,3.6436127276639400444926044421472405712662365705758E-9
81900000000000,3.6495633279552238046028361062250211467675836437125E-9
82000000000000,3.6555122080595786849378000366571049619961223934196E-9
82100000000000,3.6614593546052131021399787649902877047712992408856E-9
82200000000000,3.6674047542477355417185726767193711577775205876688E-9
82300000000000,3.6733483936701325079182157821002889607898598484888E-9
82400000000000,3.6792902595827464618448938376217794410172759192077E-9
82500000000000,3.6852303387232537478939695451611657094557005835755E-9
82600000000000,3.6911686178566425085252185140375707064000131461115E-9
82700000000000,3.6971050837751905874297784841895799847214607493553E-9
82800000000000,3.7030397232984434211339129766619160936182226871508E-9
82900000000000,3.7089725232731919190844890606056871257967232631890E-9
83000000000000,3.7149034705734503322610673041984319807409260481030E-9
83100000000000,3.7208325521004341103595002103933505384542873513441E-9
83200000000000,3.7267597547825377475919335273322519839133422999492E-9
83300000000000,3.7326850655753126171481027677249808010937254046365E-9
83400000000000,3.7386084714614447943628150716311160558132097353188E-9
83500000000000,3.7445299594507328686345042029999395387482027787463E-9
83600000000000,3.7504495165800657441397439821550102921962062115901E-9
83700000000000,3.7563671299134004293886028242737679375364141354805E-9
83800000000000,3.7622827865417398156657192779346374597491410995277E-9
83900000000000,3.7681964735831104444019755381089662274498444660913E-9
84000000000000,3.7741081781825402635216428446882513649904006306589E-9
84100000000000,3.7800178875120363728098694708845909390100231399798E-9
84200000000000,3.7859255887705627583453786557508106841933888681113E-9
84300000000000,3.7918312691840180160432403417635888533965097845208E-9
84400000000000,3.7977349160052130643525769420260483424087228603622E-9
84500000000000,3.8036365165138488461540595823042426907801631953409E-9
84600000000000,3.8095360580164940199020473409438767998203822861503E-9
84700000000000,3.8154335278465626400562179448492295040647832851586E-9
84800000000000,3.8213289133642918268475341722759467551667870956569E-9
84900000000000,3.8272222019567194254233858633241210416457049821501E-9
85000000000000,3.8331133810376616544167429468494399653825837406734E-9
85100000000000,3.8390024380476907439841502581703537257202785307305E-9
85200000000000,3.8448893604541125633573901455709592608806629918484E-9
85300000000000,3.8507741357509442379536339453160107630480170228128E-9
85400000000000,3.8566567514588917560888983448401248019658826224049E-9
85500000000000,3.8625371951253275653396174520824343513318915596252E-9
85600000000000,3.8684154543242681585971360457458376236337901822855E-9
85700000000000,3.8742915166563516498599239967023584292777535137556E-9
85800000000000,3.8801653697488153398083062249793526789718771819846E-9
85900000000000,3.8860370012554732712064967898823213938648927400321E-9
86000000000000,3.8919063988566937741767198029764763864024836854981E-9
86100000000000,3.8977735502593770013901938049990929004280574476897E-9
86200000000000,3.9036384431969324532197500584468048894762053092050E-9
86300000000000,3.9095010654292564928988488777156714659351850399759E-9
86400000000000,3.9153614047427098517317516484069714242832862670223E-9
86500000000000,3.9212194489500951243995995768887551290655852289248E-9
86600000000000,3.9270751858906342544071434605632709983003867423056E-9
86700000000000,3.9329286034299460097148618786751404628443009952076E-9
86800000000000,3.9387796894600234486011981730468140042080936413354E-9
86900000000000,3.9446284318992113757996394179892138154888931216914E-9
87000000000000,3.9504748186921837889553532689499453043845141346783E-9
87100000000000,3.9563188378099213154460911303730055148140858672711E-9
87200000000000,3.9621604772496886396120584948970715475681791992910E-9
87300000000000,3.9679997250350119204394455785593292557854352173019E-9
87400000000000,3.9738365692156561997423035102440865725688269332050E-9
87500000000000,3.9796709978676028008874433283663617047905341814667E-9
87600000000000,3.9855029990930267181070268938570677848639671324143E-9
87700000000000,3.9913325610202739964435105460657234331670944659376E-9
87800000000000,3.9971596718038391023715939073667599636254279869672E-9
87900000000000,4.0029843196243422851418176831949920276151875359264E-9
88000000000000,4.0088064926885069288904456070937537009802615164446E-9
88100000000000,4.0146261792291368955602568452852222895285988227189E-9
88200000000000,4.0204433675050938586768662024167634707090608237378E-9
88300000000000,4.0262580458012746280251803596504984555355891639844E-9
88400000000000,4.0320702024285884652705891282970384810374689889096E-9
88500000000000,4.0378798257239343905694813169003316885875172924164E-9
88600000000000,4.0436869040501784802136652872112541268191408157321E-9
88700000000000,4.0494914257961311553532646149959348541085492762995E-9
88800000000000,4.0552933793765244618426494752643708469604528438831E-9
88900000000000,4.0610927532319893412539544384297464468349779150741E-9
89000000000000,4.0668895358290328931027232942736585838808137255592E-9
89100000000000,4.0726837156600156283302113145523440969695938288334E-9
89200000000000,4.0784752812431287140868650227897356539026982733462E-9
89300000000000,4.0842642211223712098614890614210085460453165650531E-9
89400000000000,4.0900505238675272950005991321320349423418798008712E-9
89500000000000,4.0958341780741434876624492351431889810608295066255E-9
89600000000000,4.1016151723635058552502105474681387976888870903793E-9
89700000000000,4.1073934953826172163687682589980516910929714385699E-9
89800000000000,4.1131691358041743343495915287779940964018149985098E-9
89900000000000,4.1189420823265451023881204322147318699560350543368E-9
90000000000000,4.1247123236737457203381023433436651406027770852242E-9
90100000000000,4.1304798485954178632072986348478342199872878526100E-9
90200000000000,4.1362446458668058413989708824249079058971647526949E-9
90300000000000,4.1420067042887337527435439295004411049088507276003E-9
90400000000000,4.1477660126875826263648312033496207213738568024123E-9
90500000000000,4.1535225599152675584251955745778889107090147969819E-9
90600000000000,4.1592763348492148397940068187864472928680663660956E-9
90700000000000,4.1650273263923390756837443722754337883576837189575E-9
90800000000000,4.1707755234730202972980815729797760878730340218453E-9
90900000000000,4.1765209150450810655362749436551330885197516691157E-9
91000000000000,4.1822634900877635667981693067992270760682587882265E-9
91100000000000,4.1880032376057067009341166200730510967043191200566E-9
91200000000000,4.1937401466289231613840933872432293568328370322729E-9
91300000000000,4.1994742062127765075502883330680490267881292939781E-9
91400000000000,4.2052054054379582294474187312627172875106194087303E-9
91500000000000,4.2109337334104648046750203428720864776381424108731E-9
91600000000000,4.2166591792615747477559423582198007178597327608282E-9
91700000000000,4.2223817321478256518852650392604251412014032324755E-9
91800000000000,4.2281013812509912231338439308050058262111398429433E-9
91900000000000,4.2338181157780583071506705488905614166014303714296E-9
92000000000000,4.2395319249612039084082253626906160985636603405287E-9
92100000000000,4.2452427980577722020349846629879396206931830503112E-9
92200000000000,4.2509507243502515382792285555235550078717581106705E-9
92300000000000,4.2566556931462514396482828316696987252679724223788E-9
92400000000000,4.2623576937784795907673128520211584922945794621219E-9
92500000000000,4.2680567156047188210017728308321533978735777922196E-9
92600000000000,4.2737527480078040798875990309180360171222969482953E-9
92700000000000,4.2794457803955994054132203698664558355657379894053E-9
92800000000000,4.2851358022009748851974447993355872290491544356418E-9
92900000000000,4.2908228028817836106072645500324425698993520995371E-9
93000000000000,4.2965067719208386238596079358374984869099956605314E-9
93100000000000,4.3021876988258898581510498816486838058426189349721E-9
93200000000000,4.3078655731296010708594776810345187400946192365416E-9
93300000000000,4.3135403843895267698616927018896470235511870028102E-9
93400000000000,4.3192121221880891330109128411534378865577125791221E-9
93500000000000,4.3248807761325549208181244834615049862286450124837E-9
93600000000000,4.3305463358550123823812165435291248707978759581082E-9
93700000000000,4.3362087910123481546058128682933453160217099666776E-9
93800000000000,4.3418681312862241547617028425462361571892231713625E-9
93900000000000,4.3475243463830544664187534811549079257248209373082E-9
94000000000000,4.3531774260339822188061696021647346203470805814358E-9
94100000000000,4.3588273599948564596389518583012647241286747416079E-9
94200000000000,4.3644741380462090214553854598046564592032164366046E-9
94300000000000,4.3701177499932313815093753493296639256673641407321E-9
94400000000000,4.3757581856657515152614263900062306340022170615460E-9
94500000000000,4.3813954349182107435120498008630806227256537257278E-9
94600000000000,4.3870294876296405732213596198522620630318861019517E-9
94700000000000,4.3926603337036395320586053938597822111448238349907E-9
94800000000000,4.3982879630683499967253695875301234268105141919320E-9
94900000000000,4.4039123656764350150961403686548532249358072243471E-9
95000000000000,4.4095335315050551222199524674624987136938345568351E-9
95100000000000,4.4151514505558451502267707205835637088829322464829E-9
95200000000000,4.4207661128548910321822726979366947883702189292499E-9
95300000000000,4.4263775084527065999346684724756715325050969904982E-9
95400000000000,4.4319856274242103759971771288386770464704348118693E-9
95500000000000,4.4375904598687023595097610176382167334379840892134E-9
95600000000000,4.4431919959098408063237000476095620364602006857998E-9
95700000000000,4.4487902256956190032525694682856124465977414471181E-9
95800000000000,4.4543851393983420365331656314749479412335874844062E-9
95900000000000,4.4599767272146035545399051307763815280144314847959E-9
96000000000000,4.4655649793652625247962035048567543847060009674707E-9
96100000000000,4.4711498860954199853263203524387195590167117982944E-9
96200000000000,4.4767314376743957903911382450819467737303662907679E-9
96300000000000,4.4823096243957053506513232380850985074239552683758E-9
96400000000000,4.4878844365770363678012950703780580065291777793008E-9
96500000000000,4.4934558645602255637174153113056473201734260521583E-9
96600000000000,4.4990238987112354041637817559173025882477652544804E-9
96700000000000,4.5045885294201308170989972909641484616491141874643E-9
96800000000000,4.5101497471010559056272612514583349391101533887128E-9
96900000000000,4.5157075421922106556371109625624951433867414007907E-9
97000000000000,4.5212619051558276381711207139433029211272523345759E-9
97100000000000,4.5268128264781487065698448437363285249718964045294E-9
97200000000000,4.5323602966694016884332709171241038955838929493896E-9
97300000000000,4.5379043062637770724430281704203304429443982148712E-9
97400000000000,4.5434448458194046900885754556757237145556865777924E-9
97500000000000,4.5489819059183303923405718633707390443299569780145E-9
97600000000000,4.5545154771664927213146120219334228171450340230855E-9
97700000000000,4.5600455501936995769684867728133608617939575597919E-9
97800000000000,4.5655721156536048788761084988520354620810294237302E-9
97900000000000,4.5710951642236852231212188419131519521296544174285E-9
98000000000000,4.5766146866052165343539748833713592498157328577798E-9
98100000000000,4.5821306735232507130534880783023767800702661483380E-9
98200000000000,4.5876431157265922780393683312703686052048994665616E-9
98300000000000,4.5931520039877750042753035786683929011252865040139E-9
98400000000000,4.5986573291030385560076830998342213871507304350115E-9
98500000000000,4.6041590818923051152822505168364889961577225698364E-9
98600000000000,4.6096572531991560058817500611051172651744567496673E-9
98700000000000,4.6151518338908083127275071841657705480717706053337E-9
98800000000000,4.6206428148580914967878619698316620920157517721574E-9
98900000000000,4.6261301870154240055363510665086305113169274921897E-9
99000000000000,4.6316139413007898790025110009827511782139462120569E-9
99100000000000,4.6370940686757153514581527593859165450947661987324E-9
99200000000000,4.6425705601252454487819344271762878687163793044971E-9
99300000000000,4.6480434066579205815450354681301484759851593512218E-9
99400000000000,4.6535125993057531338607128927227210065662866763880E-9
99500000000000,4.6589781291242040480404961190815769269594875446578E-9
99600000000000,4.6644399871921594050997537651313768543488935920440E-9
99700000000000,4.6698981646119070011553419288172259205352954145744E-9
99800000000000,4.6753526525091129197580197146006792129466199085668E-9
99900000000000,4.6808034420327981002022938489725348779719519873283E-9
100000000000000,4.6862505243553149018563301957255287065198245413125E-9
